{
  "creatures": [
    { "data-tippy-content": "Alligator - Small", "data-type": "animal_alligator_little" },
    { "data-tippy-content": "Alligator", "data-type": "animal_alligator_medium" },
    { "data-tippy-content": "Armadillo", "data-type": "animal_armadillo" },
    { "data-tippy-content": "Badger", "data-type": "animal_badger" },
    { "data-tippy-content": "Bat", "data-type": "animal_bat" },
    { "data-tippy-content": "Bear - Black", "data-type": "animal_bear_black" },
    { "data-tippy-content": "Bear - Grizzly", "data-type": "animal_bear" },
    { "data-tippy-content": "Beaver", "data-type": "animal_beaver" },
    { "data-tippy-content": "Bighorn Ram - Desert", "data-type": "animal_bighornram_desert" },
    { "data-tippy-content": "Bighorn Ram - Rocky Mountain", "data-type": "animal_bighornram_rocky" },
    { "data-tippy-content": "Bighorn Ram - Sierra Nevada", "data-type": "animal_bighornram_sierra" },
    { "data-tippy-content": "Bighorn Sheep - Desert", "data-type": "animal_bighornram_desert_f" },
    { "data-tippy-content": "Bighorn Sheep - Rocky Mountain", "data-type": "animal_bighornram_rocky_f" },
    { "data-tippy-content": "Bighorn Sheep - Sierra Nevada", "data-type": "animal_bighornram_sierra_f" },
    { "data-tippy-content": "Bison", "data-type": "animal_buffalo" },
    { "data-tippy-content": "Boar", "data-type": "animal_boar" },
    { "data-tippy-content": "Buck", "data-type": "animal_buck" },
    { "data-tippy-content": "Bull", "data-type": "animal_bull_devon" },
    { "data-tippy-content": "Bullfrog", "data-type": "animal_frogbull" },
    { "data-tippy-content": "Cat", "data-type": "animal_cat" },
    { "data-tippy-content": "Chipmunk", "data-type": "animal_chipmunk" },
    { "data-tippy-content": "Cougar", "data-type": "animal_cougar" },
    { "data-tippy-content": "Cow", "data-type": "animal_cow" },
    { "data-tippy-content": "Coyote", "data-type": "animal_coyote" },
    { "data-tippy-content": "Crab", "data-type": "animal_crab" },
    { "data-tippy-content": "Deer", "data-type": "animal_deer" },
    { "data-tippy-content": "Dog", "data-type": "animal_dog_street" },
    { "data-tippy-content": "Elk - Bull", "data-type": "animal_elk_rocky" },
    { "data-tippy-content": "Elk - Cow", "data-type": "animal_mountain_cow_elk" },
    { "data-tippy-content": "Fox - Grizzlies", "data-type": "animal_fox_grey" },
    { "data-tippy-content": "Fox - Red", "data-type": "animal_fox_red" },
    { "data-tippy-content": "Gila Monster", "data-type": "animal_gilamonster" },
    { "data-tippy-content": "Goat", "data-type": "animal_goat" },
    { "data-tippy-content": "Iguana - Desert", "data-type": "animal_iguanadesert" },
    { "data-tippy-content": "Iguana - Green", "data-type": "animal_iguana" },
    { "data-tippy-content": "Moose", "data-type": "animal_moose" },
    { "data-tippy-content": "Muskrat", "data-type": "animal_muskrat" },
    { "data-tippy-content": "Ox", "data-type": "animal_ox_angus" },
    { "data-tippy-content": "Panther", "data-type": "animal_panther" },
    { "data-tippy-content": "Peccary", "data-type": "animal_javelina" },
    { "data-tippy-content": "Pig", "data-type": "animal_pig_berkshire" },
    { "data-tippy-content": "Possum", "data-type": "animal_possum" },
    { "data-tippy-content": "Pronghorn - American Buck", "data-type": "animal_pronghorn_american_m" },
    { "data-tippy-content": "Pronghorn - American Doe", "data-type": "animal_pronghorn_american" },
    { "data-tippy-content": "Pronghorn - Baja California Buck", "data-type": "animal_pronghorn_baja" },
    { "data-tippy-content": "Pronghorn - Baja California Doe", "data-type": "animal_pronghorn_baja_f" },
    { "data-tippy-content": "Rabbit", "data-type": "animal_rabbit" },
    { "data-tippy-content": "Racoon", "data-type": "animal_racoon" },
    { "data-tippy-content": "Rat", "data-type": "animal_rat_black" },
    { "data-tippy-content": "Sheep", "data-type": "animal_sheep" },
    { "data-tippy-content": "Skunk", "data-type": "animal_skunk" },
    { "data-tippy-content": "Snake", "data-type": "animal_snake" },
    { "data-tippy-content": "Snake - Copperhead", "data-type": "animal_snake_copperhead_northern" },
    { "data-tippy-content": "Snake - Rattlesnake", "data-type": "animal_snakeblacktailrattle" },
    { "data-tippy-content": "Snake - Water", "data-type": "animal_snakewater" },
    { "data-tippy-content": "Snapping Turtle", "data-type": "animal_turtle_snapping" },
    { "data-tippy-content": "Squirrel", "data-type": "animal_squirrel_grey" },
    { "data-tippy-content": "Toad", "data-type": "animal_toad" },
    { "data-tippy-content": "Toad - Sonoran Desert", "data-type": "animal_toad_sonoran" },
    { "data-tippy-content": "Wolf", "data-type": "animal_wolf_gray" },
    { "data-tippy-content": "Blue Jay", "data-type": "animal_bluejay" },
    { "data-tippy-content": "Cardinal", "data-type": "animal_cardinal" },
    { "data-tippy-content": "Chicken", "data-type": "animal_chicken_leghorn" },
    { "data-tippy-content": "Chicken - Prairie", "data-type": "animal_prairiechicken" },
    { "data-tippy-content": "Condor", "data-type": "animal_californiancondor" },
    { "data-tippy-content": "Cormorant - Double-crested", "data-type": "animal_cormorant_doublecrested" },
    { "data-tippy-content": "Cormorant - Neotropic", "data-type": "animal_cormorant_neotropic" },
    { "data-tippy-content": "Crane", "data-type": "animal_cranewhooping_whooping" },
    { "data-tippy-content": "Crow", "data-type": "animal_crow" },
    { "data-tippy-content": "Duck", "data-type": "animal_duck" },
    { "data-tippy-content": "Eagle", "data-type": "animal_eagle_golden" },
    { "data-tippy-content": "Egret", "data-type": "animal_egret_reddish" },
    { "data-tippy-content": "Goose", "data-type": "animal_goosecanada" },
    { "data-tippy-content": "Hawk", "data-type": "animal_hawk_ferruginous" },
    { "data-tippy-content": "Heron", "data-type": "animal_heron_greatblue" },
    { "data-tippy-content": "Loon", "data-type": "animal_loon_pacific" },
    { "data-tippy-content": "Oriole - Baltimore", "data-type": "animal_oriole_baltimore" },
    { "data-tippy-content": "Oriole - Hooded", "data-type": "animal_oriole_hooded" },
    { "data-tippy-content": "Owl", "data-type": "animal_owl_great" },
    { "data-tippy-content": "Owl - West", "data-type": "animal_owl_californian" },
    { "data-tippy-content": "Pelican", "data-type": "animal_pelican_white" },
    { "data-tippy-content": "Pheasant", "data-type": "animal_pheasant_ringneck" },
    { "data-tippy-content": "Pigeon", "data-type": "animal_pigeon_bandtailed" },
    { "data-tippy-content": "Quail", "data-type": "animal_quail" },
    { "data-tippy-content": "Raven", "data-type": "animal_raven" },
    { "data-tippy-content": "Robin", "data-type": "animal_robin" },
    { "data-tippy-content": "Rooster", "data-type": "animal_rooster_dominique" },
    { "data-tippy-content": "Seagull", "data-type": "animal_seagull_herring" },
    { "data-tippy-content": "Songbird - Scarlet", "data-type": "animal_songbird_scarlet" },
    { "data-tippy-content": "Songbird - Western", "data-type": "animal_songbird_western" },
    { "data-tippy-content": "Sparrow", "data-type": "animal_sparrow_eurasian" },
    { "data-tippy-content": "Spoonbill", "data-type": "animal_roseatespoonbill" },
    { "data-tippy-content": "Turkey", "data-type": "animal_turkey_eastern" },
    { "data-tippy-content": "Vulture - Eastern", "data-type": "animal_vulture_eastern" },
    { "data-tippy-content": "Vulture - Western", "data-type": "animal_vulture_western" },
    { "data-tippy-content": "Waxwing", "data-type": "animal_cedarwaxwing" }
  ]
}
